﻿DEVELOPMENT,BOROUGH,WORK TYPE,PROGRAM,AM District,RAD/PACT,UNITS,CYEAR,FYEAR,STATUS,COST,ESTIMATE,FUNDING,IMPLEM_METHOD,
1010 EAST 178TH STREET,BRONX,Interior Compactors,FEDERAL,6,,1,,,,,"$78,543.94 ",,,
104-14 TAPSCOTT STREET,BROOKLYN,Interior Compactors,FEDERAL,16,2020-2021,1,,,,, $-   ,,,
1162-1176 WASHINGTON AVENUE,BRONX,Interior Compactors,FEDERAL,3,2022-2025,1,,,,, $-   ,,,
131 SAINT NICHOLAS AVENUE,MANHATTAN,Interior Compactors,FEDERAL,10,2026+,1,,,,,"$76,335.88 ",,,
1471 WATSON AVENUE,BRONX,Interior Compactors,FEDERAL,9,2026+,2,,,,,"$157,087.88 ",,,
154 WEST 84TH STREET,MANHATTAN,Interior Compactors,FEDERAL,7,,1,,,,, $-   ,,,
303 VERNON AVENUE,BROOKLYN,Interior Compactors,FEDERAL,3,,1,2020,2020,QUEUED,,"$63,087.50 ",CF18 Funds,Jacobs - JOCS,
335 EAST 111TH STREET,MANHATTAN,Interior Compactors,FEDERAL,11,2020-2021,1,,,,, $-   ,,,
344 EAST 28TH STREET,MANHATTAN,Interior Compactors,MIXED FINANCE/LLC2,6,2020-2021,1,,,,, $-   ,,,
45 ALLEN STREET,MANHATTAN,Interior Compactors,FEDERAL,3,,1,2019,2020,COMPLETED,,"$53,023.00 ",NRR City Expense,CPD PM Team,
572 WARREN STREET,BROOKLYN,Interior Compactors,FEDERAL,6,2019,2,,,,, $-   ,,,
830 AMSTERDAM AVENUE,MANHATTAN,Interior Compactors,FEDERAL,7,,1,,,,,"$65,295.56 ",,,
ADAMS,BRONX,Interior Compactors,FEDERAL,1,,7,,,,,"$472,525.38 ",,,
ALBANY,BROOKLYN,Interior Compactors,FEDERAL,8,2022-2025,6,,,,, $-   ,,,
ALBANY II,BROOKLYN,Interior Compactors,FEDERAL,8,2022-2025,3,,,,, $-   ,,,
AMSTERDAM,MANHATTAN,Interior Compactors,FEDERAL,7,,24,,,,,"$1,620,087.00 ",,,
AMSTERDAM ADDITION,MANHATTAN,Interior Compactors,MIXED FINANCE/LLC1,7,,1,,,,,"$69,711.69 ",,,
ARMSTRONG I,BROOKLYN,Interior Compactors,FEDERAL,3,2019,7,,,,, $-   ,,,
ARMSTRONG II,BROOKLYN,Interior Compactors,FEDERAL,3,2019,9,,,,, $-   ,,,
ASTORIA,QUEENS,Interior Compactors,FEDERAL,1,2022-2025,22,,,,, $-   ,,,
ATLANTIC TERMINAL SITE 4B,BROOKLYN,Interior Compactors,FEDERAL,2,,1,,,,,"$76,335.88 ",,,
AUDUBON,MANHATTAN,Interior Compactors,FEDERAL,9,2020-2021,1,,,,, $-   ,,,
BAILEY AVENUE-WEST 193RD STREET,BRONX,Interior Compactors,FEDERAL,7,,1,,,,,"$76,335.88 ",,,
BAISLEY PARK,QUEENS,Interior Compactors,FEDERAL,12,,5,,,,,"$337,518.13 ",,,
BARUCH,MANHATTAN,Interior Compactors,FEDERAL,3,,17,,,,,"$1,110,024.56 ",,,
BARUCH HOUSES ADDITION,MANHATTAN,Interior Compactors,FEDERAL,3,,1,,,,,"$65,295.56 ",,,
BAY VIEW,BROOKLYN,Interior Compactors,MIXED FINANCE/LLC1,18,2026+,23,,,,,"$1,603,368.81 ",,,
BEACH 41ST STREET-BEACH CHANNEL DRIVE,QUEENS,Interior Compactors,FEDERAL,14,2026+,6,,,,,"$484,512.00 ",,,
BEDFORD-STUYVESANT REHAB,BROOKLYN,Interior Compactors,FEDERAL,3,,5,2020,2020,IN PROGRESS,,"$247,785.00",NRR City Expense,CPD PM Team,
BELMONT-SUTTER AREA,BROOKLYN,Interior Compactors,FEDERAL,5,,0,,,,, $-   ,,,
BERRY,STATEN ISLAND,Interior Compactors,FEDERAL,2,,16,,,,,"$1,080,058.00 ",,,
BERRY STREET-SOUTH 9TH STREET,BROOKLYN,Interior Compactors,FEDERAL,1,2019,1,,,,, $-   ,,,
BETHUNE GARDENS,MANHATTAN,Interior Compactors,FEDERAL,12,2020-2021,1,,,,, $-   ,,,
BLAND,QUEENS,Interior Compactors,FEDERAL,7,,5,2020,2020,QUEUED,,"$315,437.50 ",CF18 Funds,Jacobs - JOCS,
BORINQUEN PLAZA I,BROOKLYN,Interior Compactors,FEDERAL,1,2026+,8,,,,,"$522,364.50 ",,,
BORINQUEN PLAZA II,BROOKLYN,Interior Compactors,FEDERAL,1,2026+,7,,,,,"$487,981.81 ",,,
BOSTON ROAD PLAZA,BRONX,Interior Compactors,FEDERAL,11,2022-2025,1,,,,, $-   ,,,
BOSTON SECOR,BRONX,Interior Compactors,FEDERAL,12,,4,,,,,"$314,175.75 ",,,
BOULEVARD,BROOKLYN,Interior Compactors,MIXED FINANCE/LLC2,5,2020-2021,30,,,,, $-   ,,,
BOYNTON AVENUE REHAB,BRONX,Interior Compactors,FEDERAL,9,,3,2020,2020,QUEUED,,"$189,262.50 ",CF18 Funds,Jacobs - JOCS,
BRACETTI PLAZA,MANHATTAN,Interior Compactors,FEDERAL,3,2026+,2,2019,2020,COMPLETED,,"$94,981.00 ",NRR City Expense,CPD PM Team,
BREUKELEN,BROOKLYN,Interior Compactors,FEDERAL,18,2020-2021,94,,,,, $-   ,,,
BREVOORT,BROOKLYN,Interior Compactors,FEDERAL,3,2026+,26,,,,,"$1,869,913.50 ",,,
BRONX RIVER,BRONX,Interior Compactors,FEDERAL,9,,9,,,,,"$726,768.00 ",,,
BRONX RIVER ADDITION,BRONX,Interior Compactors,FEDERAL,9,,2,,,,,"$161,504.00 ",,,
BROWN,BROOKLYN,Interior Compactors,FEDERAL,16,,2,2020,2020,QUEUED,,"$126,175.00 ",CF18 Funds,Jacobs - JOCS,
BROWNSVILLE,BROOKLYN,Interior Compactors,FEDERAL,16,2026+,46,,,,,"$3,714,592.00 ",,,
BRYANT AVENUE-EAST 174TH STREET,BRONX,Interior Compactors,FEDERAL,3,,1,,,,, $-   ,,,
BUSHWICK,BROOKLYN,Interior Compactors,MIXED FINANCE/LLC1,1,,8,2019,2020,COMPLETED,,"$220,329.00 ",NRR City Expense,CPD PM Team,
BUTLER,BRONX,Interior Compactors,FEDERAL,3,,6,2019,2020,IN PROGRESS,, $-   ,NRR City Expense,CPD PM Team,
CAMPOS PLAZA II,MANHATTAN,Interior Compactors,FEDERAL,3,2026+,3,,,,, $-   ,,,
CAREY GARDENS,BROOKLYN,Interior Compactors,FEDERAL,13,,3,,,,,"$242,256.00 ",,,
CARLETON MANOR,QUEENS,Interior Compactors,FEDERAL,14,2026+,1,,,,,"$80,752.00 ",,,
CARVER,MANHATTAN,Interior Compactors,FEDERAL,11,2026+,13,,,,,"$1,049,776.00 ",,,
CASSIDY-LAFAYETTE,STATEN ISLAND,Interior Compactors,FEDERAL,1,,4,,,,,"$323,008.00 ",,,
CASTLE HILL,BRONX,Interior Compactors,MIXED FINANCE/LLC1,9,,14,,,,,"$975,963.63 ",,,
CHELSEA,MANHATTAN,Interior Compactors,MIXED FINANCE/LLC1,4,,4,,,,,"$287,679.00 ",,,
CHELSEA ADDITION,MANHATTAN,Interior Compactors,FEDERAL,4,,1,,,,,"$78,543.94 ",,,
CLAREMONT PARKWAY-FRANKLIN AVENUE,BRONX,Interior Compactors,FEDERAL,3,2026+,3,,,,,"$229,007.63 ",,,
CLAREMONT REHAB (GROUP 2),BRONX,Interior Compactors,FEDERAL,4,2022-2025,4,,,,, $-   ,,,
CLAREMONT REHAB (GROUP 3),BRONX,Interior Compactors,FEDERAL,4,2022-2025,8,2019,2020,COMPLETED,,#N/A,NRR City Expense,CPD PM Team,
CLAREMONT REHAB (GROUP 4),BRONX,Interior Compactors,FEDERAL,4,2022-2025,9,,,,, $-   ,,,
CLAREMONT REHAB (GROUP 5),BRONX,Interior Compactors,FEDERAL,4,2022-2025,3,,,,, $-   ,,,
CLASON POINT GARDENS,BRONX,Interior Compactors,FEDERAL,9,2022-2025,0,,,,, $-   ,,,
CLINTON,MANHATTAN,Interior Compactors,FEDERAL,11,,6,2020,2021,QUEUED,,"$378,525.00 ",CF18 Funds,Jacobs - JOCS,
COLLEGE AVENUE-EAST 165TH STREET,BRONX,Interior Compactors,FEDERAL,4,2022-2025,1,,,,, $-   ,,,
CONEY ISLAND,BROOKLYN,Interior Compactors,FEDERAL,13,,5,,,,,"$381,679.38 ",,,
CONEY ISLAND I (SITE 1B),BROOKLYN,Interior Compactors,FEDERAL,13,,1,,,,, $-   ,,,
CONEY ISLAND I (SITE 8),BROOKLYN,Interior Compactors,FEDERAL,13,2026+,1,,,,,"$78,543.94 ",,,
CONEY ISLAND I (SITES 4 & 5),BROOKLYN,Interior Compactors,FEDERAL,13,,3,,,,, $-   ,,,
CONLON LIHFE TOWER,QUEENS,Interior Compactors,FEDERAL,12,,1,,,,,"$76,335.88 ",,,
COOPER PARK,BROOKLYN,Interior Compactors,FEDERAL,1,2026+,13,,,,,"$963,661.56 ",,,
CORSI HOUSES,MANHATTAN,Interior Compactors,FEDERAL,11,2026+,1,,,,,"$69,711.69 ",,,
CROWN HEIGHTS,BROOKLYN,Interior Compactors,FEDERAL,8,2022-2025,8,,,,, $-   ,,,
CYPRESS HILLS,BROOKLYN,Interior Compactors,FEDERAL,5,2022-2025,30,,,,, $-   ,,,
DAVIDSON,BRONX,Interior Compactors,FEDERAL,3,2026+,1,2020,2020,QUEUED,,"$63,087.50 ",CF18 Funds,Jacobs - JOCS,
DE HOSTOS APARTMENTS,MANHATTAN,Interior Compactors,FEDERAL,7,,1,,,,,"$65,295.56 ",,,
DOUGLASS ADDITION,MANHATTAN,Interior Compactors,FEDERAL,7,,1,2020,2020,QUEUED,,"$63,087.50 ",CF18 Funds,Jacobs - JOCS,
DOUGLASS I,MANHATTAN,Interior Compactors,FEDERAL,7,,0,,,,,"$766,828.56 ",,,
DOUGLASS II,MANHATTAN,Interior Compactors,FEDERAL,7,,0,,,,,"$418,270.13 ",,,
DREW-HAMILTON,MANHATTAN,Interior Compactors,MIXED FINANCE/LLC1,10,,5,,,,,"$359,598.75 ",,,
DYCKMAN,MANHATTAN,Interior Compactors,FEDERAL,12,,7,,,,,"$549,807.56 ",,,
EAGLE AVENUE-EAST 163RD STREET,BRONX,Interior Compactors,FEDERAL,3,2026+,1,,,,,"$65,295.56 ",,,
EAST 152ND STREET-COURTLANDT AVENUE,BRONX,Interior Compactors,FEDERAL,1,2022-2025,2,,,,, $-   ,,,
EAST 165TH STREET-BRYANT AVENUE,BRONX,Interior Compactors,FEDERAL,2,,0,,,,, $-   ,,,
EAST 173RD STREET-VYSE AVENUE,BRONX,Interior Compactors,FEDERAL,3,,0,,,,, $-   ,,,
EAST 180TH STREET-MONTEREY AVENUE,BRONX,Interior Compactors,FEDERAL,6,,2,2019,2020,IN PROGRESS,, $-   ,NRR City Expense,CPD PM Team,
EAST NEW YORK CITY LINE,BROOKLYN,Interior Compactors,FEDERAL,5,2022-2025,0,,,,, $-   ,,,
EAST RIVER,MANHATTAN,Interior Compactors,FEDERAL,11,2022-2025,29,,,,, $-   ,,,
EASTCHESTER GARDENS,BRONX,Interior Compactors,FEDERAL,11,2026+,15,,,,,"$1,111,917.19 ",,,
EDENWALD,BRONX,Interior Compactors,FEDERAL,12,2022-2025,71,,,,, $-   ,,,
ELLIOTT,MANHATTAN,Interior Compactors,FEDERAL,4,,8,,,,,"$610,687.00 ",,,
FARRAGUT,BROOKLYN,Interior Compactors,FEDERAL,2,2026+,10,2020,2020,QUEUED,,"$630,875.00 ",CF18 Funds,Jacobs - JOCS,
FENIMORE-LEFFERTS,BROOKLYN,Interior Compactors,FEDERAL,9,2020-2021,0,,,,, $-   ,,,
FHA REPOSSESSED HOUSES (GROUP I),0,Interior Compactors,FEDERAL,0,,0,,,,, $-   ,,,
FHA REPOSSESSED HOUSES (GROUP II),0,Interior Compactors,FEDERAL,0,,0,,,,, $-   ,,,
FHA REPOSSESSED HOUSES (GROUP III),0,Interior Compactors,FEDERAL,0,,0,,,,, $-   ,,,
FHA REPOSSESSED HOUSES (GROUP IV),0,Interior Compactors,FEDERAL,0,,0,,,,, $-   ,,,
FHA REPOSSESSED HOUSES (GROUP IX),0,Interior Compactors,FEDERAL,0,,0,,,,, $-   ,,,
FHA REPOSSESSED HOUSES (GROUP V),0,Interior Compactors,FEDERAL,0,,0,,,,, $-   ,,,
FHA REPOSSESSED HOUSES (GROUP VI),0,Interior Compactors,FEDERAL,0,,0,,,,, $-   ,,,
FHA REPOSSESSED HOUSES (GROUP VII),0,Interior Compactors,FEDERAL,0,,0,,,,, $-   ,,,
FHA REPOSSESSED HOUSES (GROUP VIII),0,Interior Compactors,FEDERAL,0,,0,,,,, $-   ,,,
FHA REPOSSESSED HOUSES (GROUP X),0,Interior Compactors,FEDERAL,0,,0,,,,, $-   ,,,
FIORENTINO PLAZA,BROOKLYN,Interior Compactors,FEDERAL,5,2026+,10,2020,2020,CANCELED,,"$630,875.00 ",CF18 Funds,,
FIRST HOUSES,MANHATTAN,Interior Compactors,FEDERAL,3,2026+,8,2019,2020,IN PROGRESS,,"$405,596.00 ",NRR City Expense,CPD PM Team,
FOREST,BRONX,Interior Compactors,FEDERAL,3,2026+,30,,,,,"$1,211,280.00 ",,,
FORT INDEPENDENCE STREET-HEATH AVENUE,BRONX,Interior Compactors,FEDERAL,8,,2,,,,,"$161,504.00 ",,,
FORT WASHINGTON AVENUE REHAB,MANHATTAN,Interior Compactors,FEDERAL,12,2020-2021,1,,,,, $-   ,,,
FULTON,MANHATTAN,Interior Compactors,FEDERAL,4,,19,,,,,"$1,240,615.69 ",,,
GARVEY (GROUP A),BROOKLYN,Interior Compactors,FEDERAL,16,,5,,,,,"$392,719.69 ",,,
GLEBE AVENUE-WESTCHESTER AVENUE,BRONX,Interior Compactors,FEDERAL,10,2026+,1,,,,,"$71,919.75 ",,,
GLENMORE PLAZA,BROOKLYN,Interior Compactors,FEDERAL,16,,5,,,,,"$381,679.38 ",,,
GLENWOOD,BROOKLYN,Interior Compactors,FEDERAL,18,2026+,40,,,,,"$2,700,145.00 ",,,
GOMPERS,MANHATTAN,Interior Compactors,FEDERAL,3,,4,2019,2020,COMPLETED,,"$191,322.00 ",NRR City Expense,CPD PM Team,
GOWANUS,BROOKLYN,Interior Compactors,FEDERAL,6,2026+,24,,,,,"$1,938,048.00 ",,,
GRAMPION,MANHATTAN,Interior Compactors,FEDERAL,10,2020-2021,1,,,,, $-   ,,,
GRANT,MANHATTAN,Interior Compactors,FEDERAL,9,2026+,9,,,,, $-   ,,,
GRAVESEND,BROOKLYN,Interior Compactors,FEDERAL,13,2026+,15,,,,,"$1,012,554.38 ",,,
GUN HILL,BRONX,Interior Compactors,FEDERAL,12,,6,,,,,"$484,512.00 ",,,
HABER,BROOKLYN,Interior Compactors,FEDERAL,13,,3,,,,,"$202,510.88 ",,,
HAMMEL,QUEENS,Interior Compactors,FEDERAL,14,2026+,14,,,,,"$1,099,615.13 ",,,
HARBORVIEW TERRACE,MANHATTAN,Interior Compactors,FEDERAL,4,,2,2020,2020,QUEUED,,"$126,175.00 ",CF18 Funds,Jacobs - JOCS,
HARLEM RIVER,MANHATTAN,Interior Compactors,FEDERAL,10,2020-2021,47,,,,, $-   ,,,
HARLEM RIVER II,MANHATTAN,Interior Compactors,FEDERAL,10,2020-2021,1,,,,, $-   ,,,
HARRISON AVENUE REHAB (GROUP A),BRONX,Interior Compactors,FEDERAL,5,,1,,,,, $-   ,,,
HARRISON AVENUE REHAB (GROUP B),BRONX,Interior Compactors,FEDERAL,5,,4,,,,, $-   ,,,
HERNANDEZ,MANHATTAN,Interior Compactors,FEDERAL,3,,1,2020,2020,COMPLETED,,"$59,677.00 ",NRR City Expense,CPD PM Team,
HIGHBRIDGE GARDENS,BRONX,Interior Compactors,FEDERAL,4,,6,2019,2020,COMPLETED,,"$285,309.00 ",NRR City Expense,CPD PM Team,
HOE AVENUE-EAST 173RD STREET,BRONX,Interior Compactors,FEDERAL,3,,1,,,,, $-   ,,,
HOLMES TOWERS,MANHATTAN,Interior Compactors,FEDERAL,8,,2,,,,,"$152,671.75 ",,,
HOWARD,BROOKLYN,Interior Compactors,FEDERAL,16,2026+,16,,,,,"$1,256,703.00 ",,,
HOWARD AVENUE,BROOKLYN,Interior Compactors,FEDERAL,16,2022-2025,0,,,,, $-   ,,,
HOWARD AVENUE-PARK PLACE,BROOKLYN,Interior Compactors,FEDERAL,16,2022-2025,0,,,,, $-   ,,,
HUGHES APARTMENTS,BROOKLYN,Interior Compactors,FEDERAL,16,,3,,,,,"$202,510.88 ",,,
HUNTS POINT AVENUE REHAB,BRONX,Interior Compactors,FEDERAL,2,,1,,,,, $-   ,,,
HYLAN,BROOKLYN,Interior Compactors,FEDERAL,1,,1,2019,2020,IN PROGRESS,,"$63,283.00 ",NRR City Expense,CPD PM Team,
INDEPENDENCE,BROOKLYN,Interior Compactors,MIXED FINANCE/LLC2,1,2019,6,,,,, $-   ,,,
INGERSOLL,BROOKLYN,Interior Compactors,FEDERAL,2,,45,,,,,"$3,335,751.56 ",,,
INTERNATIONAL TOWER,QUEENS,Interior Compactors,FEDERAL,12,,1,,,,,"$65,295.56 ",,,
ISAACS,MANHATTAN,Interior Compactors,FEDERAL,8,,3,,,,,"$229,007.63 ",,,
JACKSON,BRONX,Interior Compactors,FEDERAL,1,,7,,,,,"$503,438.25 ",,,
JEFFERSON,MANHATTAN,Interior Compactors,FEDERAL,11,2026+,34,,,,,"$2,370,197.38 ",,,
JOHNSON,MANHATTAN,Interior Compactors,FEDERAL,11,2026+,17,2020,2021,QUEUED,,"$1,072,487.50 ",CF18 Funds,Jacobs - JOCS,
KING TOWERS,MANHATTAN,Interior Compactors,FEDERAL,10,,10,2020,2020,QUEUED,,"$630,875.00 ",CF18 Funds,Jacobs - JOCS,
KINGSBOROUGH,BROOKLYN,Interior Compactors,FEDERAL,"8, 16",,35,,,,,"$2,439,909.06 ",,,
KINGSBOROUGH EXTENSION,BROOKLYN,Interior Compactors,FEDERAL,8,,1,,,,,"$76,335.88 ",,,
LA GUARDIA,MANHATTAN,Interior Compactors,FEDERAL,3,,9,2019,2020,COMPLETED,,"$479,884.00 ",NRR City Expense,CPD PM Team,
LA GUARDIA ADDITION,MANHATTAN,Interior Compactors,FEDERAL,3,,1,2019,2020,COMPLETED,,"$46,198.00 ",NRR City Expense,CPD PM Team,
LAFAYETTE,BROOKLYN,Interior Compactors,FEDERAL,3,,7,2020,2020,QUEUED,,"$441,612.50 ",CF18 Funds,Jacobs - JOCS,
LATIMER GARDENS,QUEENS,Interior Compactors,FEDERAL,7,,4,,,,,"$323,008.00 ",,,
LEAVITT STREET-34TH AVENUE,QUEENS,Interior Compactors,FEDERAL,7,,1,,,,,"$80,752.00 ",,,
LEHMAN VILLAGE,MANHATTAN,Interior Compactors,FEDERAL,11,,4,,,,,"$305,343.50 ",,,
LENOX ROAD-ROCKAWAY PARKWAY,BROOKLYN,Interior Compactors,FEDERAL,17,2020-2021,3,,,,, $-   ,,,
LEXINGTON,MANHATTAN,Interior Compactors,FEDERAL,11,2022-2025,4,,,,, $-   ,,,
LINCOLN,MANHATTAN,Interior Compactors,FEDERAL,11,2026+,20,,,,,"$1,350,072.50 ",,,
LINDEN,BROOKLYN,Interior Compactors,MIXED FINANCE/LLC2,5,2020-2021,19,,,,, $-   ,,,
LONG ISLAND BAPTIST HOUSES,BROOKLYN,Interior Compactors,FEDERAL,5,2026+,4,2020,2020,QUEUED,,"$252,350.00 ",CF18 Funds,Jacobs - JOCS,
LONGFELLOW AVENUE REHAB,BRONX,Interior Compactors,FEDERAL,2,,5,,,,, $-   ,,,
LOW HOUSES,BROOKLYN,Interior Compactors,FEDERAL,16,,4,,,,,"$305,343.50 ",,,
LOWER EAST SIDE I INFILL,MANHATTAN,Interior Compactors,FEDERAL,3,,1,2019,2020,IN PROGRESS,, $-   ,NRR City Expense,CPD PM Team,
LOWER EAST SIDE II,MANHATTAN,Interior Compactors,FEDERAL,3,2026+,1,2019,2020,COMPLETED,,"$48,868.00",NRR City Expense,CPD PM Team,
LOWER EAST SIDE III,MANHATTAN,Interior Compactors,FEDERAL,3,,0,,,,, $-   ,,,
LOWER EAST SIDE REHAB (GROUP 5),MANHATTAN,Interior Compactors,FEDERAL,3,2026+,3,2020,2020,QUEUED,,"$189,262.50 ",CF18 Funds,Jacobs - JOCS,
MANHATTANVILLE,MANHATTAN,Interior Compactors,MIXED FINANCE/LLC1,9,2026+,6,,,,,"$405,021.75 ",,,
MANHATTANVILLE REHAB (GROUP 2),MANHATTAN,Interior Compactors,FEDERAL,9,2020-2021,1,,,,, $-   ,,,
MANHATTANVILLE REHAB (GROUP 3),MANHATTAN,Interior Compactors,FEDERAL,9,2020-2021,1,,,,, $-   ,,,
MARBLE HILL,BRONX,Interior Compactors,MIXED FINANCE/LLC1,8,,11,,,,,"$742,539.88 ",,,
MARCY,BROOKLYN,Interior Compactors,FEDERAL,3,2026+,70,,,,,"$4,879,818.13 ",,,
MARCY AVENUE-GREENE AVENUE SITE A,BROOKLYN,Interior Compactors,FEDERAL,3,2019,0,,,,, $-   ,,,
MARCY AVENUE-GREENE AVENUE SITE B,BROOKLYN,Interior Compactors,FEDERAL,3,2019,0,,,,, $-   ,,,
MARINER'S HARBOR,STATEN ISLAND,Interior Compactors,FEDERAL,1,2026+,32,,,,,"$2,513,406.00 ",,,
MARLBORO,BROOKLYN,Interior Compactors,MIXED FINANCE/LLC1,13,2026+,28,,,,,"$1,951,927.25 ",,,
MARSHALL PLAZA,MANHATTAN,Interior Compactors,FEDERAL,12,2020-2021,1,,,,, $-   ,,,
MCKINLEY,BRONX,Interior Compactors,FEDERAL,3,2026+,5,,,,,"$403,760.00 ",,,
MELROSE,BRONX,Interior Compactors,FEDERAL,1,2022-2025,8,,,,, $-   ,,,
MELTZER TOWER,MANHATTAN,Interior Compactors,FEDERAL,3,,1,2020,2020,COMPLETED,,"$55,349.00 ",NRR City Expense,CPD PM Team,
METRO NORTH PLAZA,MANHATTAN,Interior Compactors,FEDERAL,11,2026+,3,,,,,"$195,886.69 ",,,
MIDDLETOWN PLAZA,BRONX,Interior Compactors,FEDERAL,10,2026+,1,2020,2020,QUEUED,,"$63,087.50 ",CF18 Funds,Jacobs - JOCS,
MILL BROOK,BRONX,Interior Compactors,FEDERAL,1,,12,,,,,"$916,030.50 ",,,
MILL BROOK EXTENSION,BRONX,Interior Compactors,FEDERAL,1,,1,,,,,"$67,503.63 ",,,
MITCHEL,BRONX,Interior Compactors,FEDERAL,1,2026+,10,,,,,"$675,036.25 ",,,
MONROE,BRONX,Interior Compactors,FEDERAL,9,2026+,18,,,,,"$1,175,320.13 ",,,
MOORE,BRONX,Interior Compactors,FEDERAL,1,2026+,4,,,,,"$278,846.75 ",,,
MORRIS I,BRONX,Interior Compactors,FEDERAL,3,,10,2019,2020,COMPLETED,,"$1,005,592.00 ",NRR City Expense,CPD PM Team,
MORRIS II,BRONX,Interior Compactors,FEDERAL,3,,7,2020,2020,COMPLETED,, $-   ,NRR City Expense,CPD PM Team,
MORRIS PARK SENIOR CITIZENS HOME,MANHATTAN,Interior Compactors,FEDERAL,11,,1,,,,,"$65,295.56 ",,,
MORRISANIA,BRONX,Interior Compactors,FEDERAL,3,,2,,,,,"$161,504.00 ",,,
MORRISANIA AIR RIGHTS,BRONX,Interior Compactors,FEDERAL,"3, 4",,5,2020,2020,QUEUED,,"$315,437.50 ",CF18 Funds,Jacobs - JOCS,
MOTT HAVEN,BRONX,Interior Compactors,FEDERAL,1,2026+,8,,,,,"$646,016.00 ",,,
NEW LANE AREA,STATEN ISLAND,Interior Compactors,FEDERAL,1,,1,,,,,"$74,127.81 ",,,
NOSTRAND,BROOKLYN,Interior Compactors,FEDERAL,15,2026+,32,,,,,"$2,513,406.00 ",,,
O'DWYER GARDENS,BROOKLYN,Interior Compactors,FEDERAL,13,2026+,6,,,,,"$484,512.00 ",,,
OCEAN BAY APARTMENTS (OCEANSIDE),QUEENS,Interior Compactors,FEDERAL,14,2026+,14,,,,,"$1,068,702.25 ",,,
OCEAN HILL APARTMENTS,BROOKLYN,Interior Compactors,FEDERAL,16,,3,,,,,"$235,631.81 ",,,
OCEAN HILL-BROWNSVILLE,BROOKLYN,Interior Compactors,FEDERAL,16,2022-2025,6,,,,, $-   ,,,
"PARK AVENUE-EAST 122ND, 123RD STREETS",MANHATTAN,Interior Compactors,FEDERAL,11,2020-2021,2,,,,, $-   ,,,
PARK ROCK REHAB,BROOKLYN,Interior Compactors,FEDERAL,8,2022-2025,7,,,,, $-   ,,,
PARKSIDE,BRONX,Interior Compactors,FEDERAL,11,2026+,20,,,,,"$1,438,395.00 ",,,
PATTERSON,BRONX,Interior Compactors,FEDERAL,1,2022-2025,25,,,,, $-   ,,,
PELHAM PARKWAY,BRONX,Interior Compactors,FEDERAL,11,2022-2025,38,,,,, $-   ,,,
PENNSYLVANIA AVENUE-WORTMAN AVENUE,BROOKLYN,Interior Compactors,FEDERAL,5,,3,,,,,"$195,886.69 ",,,
PINK,BROOKLYN,Interior Compactors,FEDERAL,5,,22,2020,2020,IN PROGRESS,,"$1,387,925.00 ",NRR City Expense,CPD PM Team,
POLO GROUNDS TOWERS,MANHATTAN,Interior Compactors,FEDERAL,10,,8,,,,, $-   ,,,
POMONOK,QUEENS,Interior Compactors,FEDERAL,8,2026+,121,,,,,"$8,969,465.31 ",,,
PUBLIC SCHOOL 139 (CONVERSION),MANHATTAN,Interior Compactors,FEDERAL,10,2020-2021,1,,,,, $-   ,,,
QUEENSBRIDGE NORTH,QUEENS,Interior Compactors,FEDERAL,1,2026+,47,,,,,"$3,380,228.25 ",,,
QUEENSBRIDGE SOUTH,QUEENS,Interior Compactors,FEDERAL,1,2026+,49,,,,,"$3,524,067.75 ",,,
RALPH AVENUE REHAB,BROOKLYN,Interior Compactors,FEDERAL,16,2020-2021,5,,,,, $-   ,,,
RANDALL AVENUE-BALCOM AVENUE,BRONX,Interior Compactors,FEDERAL,10,2020-2021,3,,,,, $-   ,,,
RANGEL,MANHATTAN,Interior Compactors,FEDERAL,10,,9,,,,,"$587,660.06 ",,,
RAVENSWOOD,QUEENS,Interior Compactors,FEDERAL,1,,45,,,,,"$2,938,300.31 ",,,
RED HOOK EAST,BROOKLYN,Interior Compactors,FEDERAL,6,2022-2025,47,,,,, $-   ,,,
RED HOOK WEST,BROOKLYN,Interior Compactors,FEDERAL,6,2022-2025,49,,,,, $-   ,,,
REDFERN,QUEENS,Interior Compactors,FEDERAL,14,2020-2021,16,,,,, $-   ,,,
REHAB PROGRAM (COLLEGE POINT),QUEENS,Interior Compactors,FEDERAL,7,,0,,,,, $-   ,,,
REHAB PROGRAM (DOUGLASS REHABS),MANHATTAN,Interior Compactors,FEDERAL,7,,3,2020,2020,QUEUED,,"$63,087.50 ",CF18 Funds,Jacobs - JOCS,
REHAB PROGRAM (TAFT REHABS),MANHATTAN,Interior Compactors,FEDERAL,10,,4,,,,, $-   ,,,
REHAB PROGRAM (WISE REHAB),MANHATTAN,Interior Compactors,FEDERAL,7,,1,,,,,"$76,335.88 ",,,
REID APARTMENTS,BROOKLYN,Interior Compactors,FEDERAL,9,2020-2021,1,,,,, $-   ,,,
RICHMOND TERRACE,STATEN ISLAND,Interior Compactors,FEDERAL,1,,6,,,,,"$484,512.00 ",,,
RIIS,MANHATTAN,Interior Compactors,FEDERAL,3,,18,2020,2020,QUEUED,,"$1,135,575.00 ",CF18 Funds,Jacobs - JOCS,
RIIS II,MANHATTAN,Interior Compactors,FEDERAL,3,,8,2020,2020,QUEUED,,"$504,700.00 ",CF18 Funds,Jacobs - JOCS,
ROBBINS PLAZA,MANHATTAN,Interior Compactors,FEDERAL,8,,1,2020,2020,QUEUED,,"$63,087.50 ",CF18 Funds,Jacobs - JOCS,
ROBINSON,MANHATTAN,Interior Compactors,FEDERAL,11,,2,2020,2020,QUEUED,,"$126,175.00 ",CF18 Funds,Jacobs - JOCS,
ROOSEVELT I,BROOKLYN,Interior Compactors,FEDERAL,3,,6,2020,2020,COMPLETED,,"$280,640.00 ",NRR City Expense,CPD PM Team,
ROOSEVELT II,BROOKLYN,Interior Compactors,FEDERAL,3,,3,2020,2020,COMPLETED,,"$141,242.00 ",NRR City Expense,CPD PM Team,
RUTGERS,MANHATTAN,Interior Compactors,MIXED FINANCE/LLC1,3,,5,2019,2020,COMPLETED,, $-   ,NRR City Expense,CPD PM Team,
RUTLAND TOWERS,BROOKLYN,Interior Compactors,FEDERAL,17,2020-2021,1,,,,, $-   ,,,
SACK WERN,BRONX,Interior Compactors,FEDERAL,9,2022-2025,7,,,,, $-   ,,,
SAINT MARY'S PARK,BRONX,Interior Compactors,MIXED FINANCE/LLC1,1,2026+,6,,,,,"$431,518.50 ",,,
SAINT NICHOLAS,MANHATTAN,Interior Compactors,FEDERAL,10,2026+,14,,,,,"$914,137.88 ",,,
SAMUEL (CITY),MANHATTAN,Interior Compactors,MIXED FINANCE/LLC1,10,2020-2021,40,,,,, $-   ,,,
SAMUEL (MHOP) I,MANHATTAN,Interior Compactors,MHOP,10,2020-2021,1,,,,, $-   ,,,
SAMUEL (MHOP) II,MANHATTAN,Interior Compactors,MHOP,10,2020-2021,0,,,,, $-   ,,,
SAMUEL (MHOP) III,MANHATTAN,Interior Compactors,MHOP,10,2020-2021,1,,,,, $-   ,,,
SARATOGA VILLAGE,BROOKLYN,Interior Compactors,FEDERAL,16,,1,,,,,"$76,335.88 ",,,
SEDGWICK,BRONX,Interior Compactors,FEDERAL,5,,7,,,,,"$549,807.56 ",,,
SEWARD PARK EXTENSION,MANHATTAN,Interior Compactors,FEDERAL,3,,2,2019,2020,COMPLETED,, $-   ,NRR City Expense,CPD PM Team,
SHEEPSHEAD BAY,BROOKLYN,Interior Compactors,FEDERAL,15,2026+,36,,,,,"$2,827,581.75 ",,,
SHELTON HOUSE,QUEENS,Interior Compactors,FEDERAL,12,,1,,,,,"$67,503.63 ",,,
SMITH,MANHATTAN,Interior Compactors,FEDERAL,3,,12,2019,2020,COMPLETED,,"$1,153,953.00 ",NRR City Expense,CPD PM Team,
SOTOMAYOR HOUSES,BRONX,Interior Compactors,FEDERAL,9,2026+,28,,,,,"$2,075,578.75 ",,,
SOUNDVIEW,BRONX,Interior Compactors,FEDERAL,9,2022-2025,26,,,,, $-   ,,,
SOUTH BEACH,STATEN ISLAND,Interior Compactors,FEDERAL,2,,15,,,,,"$1,145,038.13 ",,,
SOUTH BRONX AREA (SITE 402),BRONX,Interior Compactors,FEDERAL,1,2026+,0,,,,, $-   ,,,
SOUTH JAMAICA I,QUEENS,Interior Compactors,FEDERAL,12,2026+,33,,,,,"$2,154,753.56 ",,,
SOUTH JAMAICA II,QUEENS,Interior Compactors,FEDERAL,12,2026+,27,,,,,"$1,822,597.88 ",,,
STANTON STREET,MANHATTAN,Interior Compactors,FEDERAL,3,,1,,,,, $-   ,,,
STAPLETON,STATEN ISLAND,Interior Compactors,MIXED FINANCE/LLC1,1,,12,,,,,"$863,037.00 ",,,
STEBBINS AVENUE-HEWITT PLACE,BRONX,Interior Compactors,FEDERAL,2,2026+,0,,,,, $-   ,,,
STERLING PLACE REHABS (SAINT JOHNS-STERLING),BROOKLYN,Interior Compactors,FEDERAL,8,2022-2025,5,,,,, $-   ,,,
STERLING PLACE REHABS (STERLING-BUFFALO),BROOKLYN,Interior Compactors,FEDERAL,8,2022-2025,7,,,,, $-   ,,,
STRAUS,MANHATTAN,Interior Compactors,FEDERAL,6,,2,,,,,"$135,007.25 ",,,
STUYVESANT GARDENS I,BROOKLYN,Interior Compactors,FEDERAL,3,2026+,11,,,,,"$791,117.25 ",,,
STUYVESANT GARDENS II,BROOKLYN,Interior Compactors,FEDERAL,3,2026+,1,#N/A,#N/A,#N/A,,#N/A,NRR City Expense,CPD PM Team,
SUMNER,BROOKLYN,Interior Compactors,FEDERAL,3,,24,2019,2020,COMPLETED,,"$957,660.00 ",NRR City Expense,CPD PM Team,
SURFSIDE GARDENS,BROOKLYN,Interior Compactors,FEDERAL,13,,5,,,,,"$381,679.38 ",,,
SUTTER AVENUE-UNION STREET,BROOKLYN,Interior Compactors,FEDERAL,16,2020-2021,6,,,,, $-   ,,,
TAFT,MANHATTAN,Interior Compactors,FEDERAL,11,2026+,18,,,,,"$1,254,810.38 ",,,
TAPSCOTT STREET REHAB,BROOKLYN,Interior Compactors,FEDERAL,16,2020-2021,8,,,,, $-   ,,,
TAYLOR STREET-WYTHE AVENUE,BROOKLYN,Interior Compactors,FEDERAL,1,,5,,,,,"$370,639.06 ",,,
TELLER AVENUE-EAST 166TH STREET,BRONX,Interior Compactors,FEDERAL,4,2022-2025,2,,,,, $-   ,,,
THOMAS APARTMENTS,MANHATTAN,Interior Compactors,FEDERAL,7,,1,,,,, $-   ,,,
THROGGS NECK,BRONX,Interior Compactors,FEDERAL,10,2020-2021,62,,,,, $-   ,,,
THROGGS NECK ADDITION,BRONX,Interior Compactors,FEDERAL,10,2020-2021,4,,,,, $-   ,,,
TILDEN,BROOKLYN,Interior Compactors,FEDERAL,16,,8,,,,,"$628,351.50 ",,,
TODT HILL,STATEN ISLAND,Interior Compactors,FEDERAL,2,,14,,,,,"$1,099,615.13 ",,,
TOMPKINS,BROOKLYN,Interior Compactors,FEDERAL,3,2026+,12,2019,2020,COMPLETED,,"$538,903.00 ",NRR City Expense,CPD PM Team,
TWIN PARKS EAST (SITE 9),BRONX,Interior Compactors,FEDERAL,6,,1,2019,2020,IN PROGRESS,, $-   ,NRR City Expense,CPD PM Team,
TWO BRIDGES URA (SITE 7),MANHATTAN,Interior Compactors,FEDERAL,3,,1,2019,2020,COMPLETED,,"$84,804.00 ",NRR City Expense,CPD PM Team,
UNION AVENUE-EAST 163RD STREET,BRONX,Interior Compactors,FEDERAL,3,2026+,1,2020,2020,QUEUED,,"$63,087.50 ",CF18 Funds,Jacobs - JOCS,
UNION AVENUE-EAST 166TH STREET,BRONX,Interior Compactors,FEDERAL,3,2026+,0,,,,, $-   ,,,
"UNITY PLAZA (SITES 17,24,25A)",BROOKLYN,Interior Compactors,FEDERAL,5,2026+,5,,,,,"$305,343.50 ",,,
UNITY PLAZA (SITES 4-27),BROOKLYN,Interior Compactors,FEDERAL,5,2026+,12,,,,,"$992,366.38 ",,,
UNIVERSITY AVENUE REHAB,BRONX,Interior Compactors,FEDERAL,5,,5,,,,, $-   ,,,
UPACA (SITE 5),MANHATTAN,Interior Compactors,FEDERAL,11,,1,,,,,"$71,919.75 ",,,
UPACA (SITE 6),MANHATTAN,Interior Compactors,FEDERAL,11,,6,,,,,"$76,335.88 ",,,
VAN DYKE I,BROOKLYN,Interior Compactors,FEDERAL,16,2022-2025,31,,,,, $-   ,,,
VAN DYKE II,BROOKLYN,Interior Compactors,FEDERAL,16,,1,,,,,"$78,543.94 ",,,
VANDALIA AVENUE,BROOKLYN,Interior Compactors,FEDERAL,5,,2,,,,,"$148,255.63 ",,,
VLADECK,MANHATTAN,Interior Compactors,FEDERAL,3,,45,2019,2020,IN PROGRESS,, $-   ,NRR City Expense,CPD PM Team,
VLADECK II,MANHATTAN,Interior Compactors,FEDERAL,3,,9,2019,2020,IN PROGRESS,, $-   ,NRR City Expense,CPD PM Team,
WAGNER,MANHATTAN,Interior Compactors,FEDERAL,11,2026+,22,,,,,"$1,582,234.50 ",,,
WALD,MANHATTAN,Interior Compactors,FEDERAL,3,,16,2019,2020,COMPLETED,,"$775,248.00 ",NRR City Expense,CPD PM Team,
WASHINGTON,MANHATTAN,Interior Compactors,FEDERAL,11,2022-2025,14,,,,, $-   ,,,
WASHINGTON HEIGHTS REHAB (GROUPS 1&2),MANHATTAN,Interior Compactors,FEDERAL,12,2020-2021,7,,,,, $-   ,,,
WASHINGTON HEIGHTS REHAB PHASE III (FORT WASHINGTON),MANHATTAN,Interior Compactors,FEDERAL,12,,3,,,,, $-   ,,,
WASHINGTON HEIGHTS REHAB PHASE III (HARLEM RIVER),MANHATTAN,Interior Compactors,FEDERAL,12,,1,,,,, $-   ,,,
WASHINGTON HEIGHTS REHAB PHASE IV (C),MANHATTAN,Interior Compactors,FEDERAL,12,2020-2021,2,,,,, $-   ,,,
WASHINGTON HEIGHTS REHAB PHASE IV (D),MANHATTAN,Interior Compactors,FEDERAL,12,2020-2021,2,,,,, $-   ,,,
WEBSTER,BRONX,Interior Compactors,FEDERAL,3,,5,2019,2020,IN PROGRESS,, $-   ,NRR City Expense,CPD PM Team,
WEEKSVILLE GARDENS,BROOKLYN,Interior Compactors,FEDERAL,8,2019,0,,,,, $-   ,,,
WEST BRIGHTON I,STATEN ISLAND,Interior Compactors,FEDERAL,1,,8,,,,,"$522,364.50 ",,,
WEST BRIGHTON II,STATEN ISLAND,Interior Compactors,FEDERAL,1,,0,,,,, $-   ,,,
WEST FARMS ROAD REHAB,BRONX,Interior Compactors,FEDERAL,"2, 3",,7,,,,, $-   ,,,
WEST FARMS SQUARE CONVENTIONAL,BRONX,Interior Compactors,FEDERAL,3,,1,,,,, $-   ,,,
WEST TREMONT AVENUE-SEDGWICK AVENUE AREA,BRONX,Interior Compactors,FEDERAL,5,,1,2020,2020,QUEUED,,"$63,087.50 ",CF18 Funds,Jacobs - JOCS,
WHITE,MANHATTAN,Interior Compactors,FEDERAL,11,2026+,1,2020,2020,QUEUED,,"$63,087.50 ",CF18 Funds,Jacobs - JOCS,
WHITMAN,BROOKLYN,Interior Compactors,FEDERAL,2,,32,,,,,"$2,584,064.00 ",,,
WILLIAMS PLAZA,BROOKLYN,Interior Compactors,MIXED FINANCE/LLC2,1,2019,5,,,,, $-   ,,,
WILLIAMSBURG,BROOKLYN,Interior Compactors,FEDERAL,1,2020-2021,136,,,,, $-   ,,,
WILSON,MANHATTAN,Interior Compactors,FEDERAL,11,2026+,3,,,,,"$215,759.25 ",,,
WISE TOWERS,MANHATTAN,Interior Compactors,MIXED FINANCE/LLC2,7,2020-2021,4,,,,, $-   ,,,
WOODSIDE,QUEENS,Interior Compactors,FEDERAL,1,,55,,,,,"$4,198,473.13 ",,,
WOODSON,BROOKLYN,Interior Compactors,FEDERAL,16,,3,,,,,"$229,007.63 ",,,
WSUR (BROWNSTONES),MANHATTAN,Interior Compactors,FEDERAL,7,,0,,,,, $-   ,,,
WSUR (SITE A) 120 WEST 94TH STREET,MANHATTAN,Interior Compactors,FEDERAL,7,,1,,,,,"$65,295.56 ",,,
WSUR (SITE B) 74 WEST 92ND STREET,MANHATTAN,Interior Compactors,FEDERAL,7,,2,,,,,"$65,295.56 ",,,
WSUR (SITE C) 589 AMSTERDAM AVENUE,MANHATTAN,Interior Compactors,FEDERAL,7,,2,,,,,"$65,295.56 ",,,
WYCKOFF GARDENS,BROOKLYN,Interior Compactors,FEDERAL,6,,3,,,,,"$195,886.69 ",,,