﻿Consolidated Name,Development Name  , TDS #,Development typology
1010 EAST 178TH STREET,1010 EAST 178TH STREET,180,1 - High-rise in the park
1010 EAST 178TH STREET,EAST 180TH STREET-MONTEREY AVENUE,208,5 - Context Mid-rises
1010 EAST 178TH STREET,TWIN PARKS EAST (SITE 9),287,2 - Mid-rise in the park
Adams,ADAMS,118,1 - High-rise in the park
Boston Secor,BOSTON SECOR,138,1 - High-rise in the park
Bronx River,BOYNTON AVENUE REHAB,346,6 - Walkups & Brownstones
Bronx River,BRONX RIVER,32,2 - Mid-rise in the park
Bronx River,BRONX RIVER ADDITION,157,2 - Mid-rise in the park
Butler,BUTLER,113,1 - High-rise in the park
Claremont Consolidated,1162-1176 WASHINGTON AVENUE,233,6 - Walkups & Brownstones
Claremont Consolidated,CLAREMONT REHAB (GROUP 2),307,6 - Walkups & Brownstones
Claremont Consolidated,CLAREMONT REHAB (GROUP 3),308,6 - Walkups & Brownstones
Claremont Consolidated,CLAREMONT REHAB (GROUP 4),335,6 - Walkups & Brownstones
Claremont Consolidated,CLAREMONT REHAB (GROUP 5),336,6 - Walkups & Brownstones
Claremont Consolidated,COLLEGE AVENUE-EAST 165TH STREET,236,6 - Walkups & Brownstones
Claremont Consolidated,TELLER AVENUE-EAST 166TH STREET,223,6 - Walkups & Brownstones
Eastchester Gardens,EASTCHESTER GARDENS,34,2 - Mid-rise in the park
Eastchester Gardens,MIDDLETOWN PLAZA,191,5 - Context Mid-rises
Edenwald,EDENWALD,57,2 - Mid-rise in the park
Forest,EAGLE AVENUE-EAST 163RD STREET,224,6 - Walkups & Brownstones
Forest,FOREST,59,2 - Mid-rise in the park
Forest,MCKINLEY,103,1 - High-rise in the park
Fort Independence,BAILEY AVENUE-WEST 193RD STREET,202,1 - High-rise in the park
Fort Independence,FORT INDEPENDENCE STREET-HEATH AVENUE,197,1 - High-rise in the park
Gun Hill,GUN HILL,40,2 - Mid-rise in the park
Highbridge Gardens,HIGHBRIDGE GARDENS,78,2 - Mid-rise in the park
Monroe,MONROE,88,1 - High-rise in the park
Morris,MORRIS I,102,1 - High-rise in the park
Morris,MORRIS II,502,1 - High-rise in the park
Morrisania Air Rights,JACKSON,120,1 - High-rise in the park
Morrisania Air Rights,MORRISANIA AIR RIGHTS,267,4 - Context Towers
Parkside,PARKSIDE,47,1 - High-rise in the park
Pelham Parkway,BOSTON ROAD PLAZA,189,1 - High-rise in the park
Pelham Parkway,PELHAM PARKWAY,39,3 - Low-rise in the park
Sack Wern,CLASON POINT GARDENS,11,6 - Walkups & Brownstones
Sack Wern,SACK WERN,280,6 - Walkups & Brownstones
Sedgwick,SEDGWICK,45,1 - High-rise in the park
Sedgwick,WEST TREMONT AVENUE-SEDGWICK AVENUE AREA,246,5 - Context Mid-rises
Sotomayor,1471 WATSON AVENUE,214,6 - Walkups & Brownstones
Sotomayor,GLEBE AVENUE-WESTCHESTER AVENUE,225,6 - Walkups & Brownstones
Sotomayor,SOTOMAYOR HOUSES,67,3 - Low-rise in the park
Soundview,SOUNDVIEW,71,3 - Low-rise in the park
Throggs Neck,RANDALL AVENUE-BALCOM AVENUE,245,3 - Low-rise in the park
Throggs Neck,THROGGS NECK,63,3 - Low-rise in the park
Throggs Neck,THROGGS NECK ADDITION,193,2 - Mid-rise in the park
Union Avenue Consolidated,CLAREMONT PARKWAY-FRANKLIN AVENUE,334,6 - Walkups & Brownstones
Union Avenue Consolidated,DAVIDSON,190,5 - Context Mid-rises
Union Avenue Consolidated,SOUTH BRONX AREA (SITE 402),305,6 - Walkups & Brownstones
Union Avenue Consolidated,STEBBINS AVENUE-HEWITT PLACE,353,6 - Walkups & Brownstones
Union Avenue Consolidated,UNION AVENUE-EAST 163RD STREET,342,2 - Mid-rise in the park
Union Avenue Consolidated,UNION AVENUE-EAST 166TH STREET,356,6 - Walkups & Brownstones
Webster,MORRISANIA,130,1 - High-rise in the park
Webster,WEBSTER,141,1 - High-rise in the park
Albany,ALBANY,31,2 - Mid-rise in the park
Albany,ALBANY II,85,2 - Mid-rise in the park
Borinquen Plaza,BORINQUEN PLAZA I,243,6 - Walkups & Brownstones
Borinquen Plaza,BORINQUEN PLAZA II,271,6 - Walkups & Brownstones
Breukelen,BREUKELEN,56,3 - Low-rise in the park
Brevoort,BREVOORT,65,3 - Low-rise in the park
Carey Gardens,CAREY GARDENS,166,1 - High-rise in the park
Carey Gardens,CONEY ISLAND I (SITE 1B),239,1 - High-rise in the park
Carey Gardens,HABER,142,2 - Mid-rise in the park
Cooper Park,COOPER PARK,69,3 - Low-rise in the park
Cypress Hills,CYPRESS HILLS,70,3 - Low-rise in the park
Cypress Hills,EAST NEW YORK CITY LINE,263,6 - Walkups & Brownstones
Farragut,FARRAGUT,29,2 - Mid-rise in the park
Glenwood,GLENWOOD,44,3 - Low-rise in the park
Gowanus,GOWANUS,25,2 - Mid-rise in the park
Ingersoll,INGERSOLL,14,2 - Mid-rise in the park
Kingsborough,KINGSBOROUGH,10,3 - Low-rise in the park
Kingsborough,KINGSBOROUGH EXTENSION,161,1 - High-rise in the park
Lafayette Gardens,LAFAYETTE,122,1 - High-rise in the park
Marcus Garvey,BROWN,325,6 - Walkups & Brownstones
Marcus Garvey,GARVEY (GROUP A),252,5 - Context Mid-rises
Marcy,MARCY,21,3 - Low-rise in the park
Ocean Hill,OCEAN HILL APARTMENTS,162,2 - Mid-rise in the park
Ocean Hill,SARATOGA VILLAGE,158,1 - High-rise in the park
O'Dwyer Gardens,CONEY ISLAND I (SITE 8),238,2 - Mid-rise in the park
O'Dwyer Gardens,GRAVESEND,68,3 - Low-rise in the park
O'Dwyer Gardens,O'DWYER GARDENS,172,1 - High-rise in the park
Park Rock Consolidation,CROWN HEIGHTS,312,6 - Walkups & Brownstones
Park Rock Consolidation,HOWARD AVENUE,339,6 - Walkups & Brownstones
Park Rock Consolidation,HOWARD AVENUE-PARK PLACE,365,6 - Walkups & Brownstones
Park Rock Consolidation,OCEAN HILL-BROWNSVILLE,313,6 - Walkups & Brownstones
Park Rock Consolidation,PARK ROCK REHAB,351,6 - Walkups & Brownstones
Park Rock Consolidation,STERLING PLACE REHABS (SAINT JOHNS-STERLING),366,6 - Walkups & Brownstones
Park Rock Consolidation,STERLING PLACE REHABS (STERLING-BUFFALO),368,6 - Walkups & Brownstones
Penn-Wortman,PENNSYLVANIA AVENUE-WORTMAN AVENUE,194,1 - High-rise in the park
Penn-Wortman,VANDALIA AVENUE,315,2 - Mid-rise in the park
Pink,PINK,89,2 - Mid-rise in the park
Red Hook East,RED HOOK EAST,4,3 - Low-rise in the park
Red Hook West,RED HOOK WEST,79,3 - Low-rise in the park
Reid Apartments,104-14 TAPSCOTT STREET,242,6 - Walkups & Brownstones
Reid Apartments,FENIMORE-LEFFERTS,205,6 - Walkups & Brownstones
Reid Apartments,LENOX ROAD-ROCKAWAY PARKWAY,348,6 - Walkups & Brownstones
Reid Apartments,RALPH AVENUE REHAB,352,6 - Walkups & Brownstones
Reid Apartments,REID APARTMENTS,167,1 - High-rise in the park
Reid Apartments,RUTLAND TOWERS,282,6 - Walkups & Brownstones
Reid Apartments,SUTTER AVENUE-UNION STREET,369,6 - Walkups & Brownstones
Reid Apartments,TAPSCOTT STREET REHAB,354,6 - Walkups & Brownstones
Roosevelt,ROOSEVELT I,135,1 - High-rise in the park
Roosevelt,ROOSEVELT II,177,1 - High-rise in the park
Sheepshead Bay,NOSTRAND,43,3 - Low-rise in the park
Sheepshead Bay,SHEEPSHEAD BAY,36,3 - Low-rise in the park
Stuyvesant Gardens,STUYVESANT GARDENS I,221,6 - Walkups & Brownstones
Stuyvesant Gardens,STUYVESANT GARDENS II,333,6 - Walkups & Brownstones
Sumner,303 VERNON AVENUE,156,1 - High-rise in the park
Sumner,BEDFORD-STUYVESANT REHAB,311,6 - Walkups & Brownstones
Sumner,SUMNER,73,2 - Mid-rise in the park
Surfside Gardens,CONEY ISLAND,94,2 - Mid-rise in the park
Surfside Gardens,CONEY ISLAND I (SITES 4 & 5),216,4 - Context Towers
Surfside Gardens,SURFSIDE GARDENS,170,1 - High-rise in the park
Tompkins,TOMPKINS,131,1 - High-rise in the park
Whitman,WHITMAN,514,2 - Mid-rise in the park
Williamsburg,WILLIAMSBURG,2,6 - Walkups & Brownstones
Wyckoff Gardens,ATLANTIC TERMINAL SITE 4B,256,1 - High-rise in the park
Wyckoff Gardens,WYCKOFF GARDENS,163,1 - High-rise in the park
Baruch,BARUCH,60,2 - Mid-rise in the park
Baruch,BARUCH HOUSES ADDITION,198,1 - High-rise in the park
Carver,CARVER,58,1 - High-rise in the park
Clinton,CLINTON,123,4 - Context Towers
Douglass,830 AMSTERDAM AVENUE,150,4 - Context Towers
Douglass,DOUGLASS ADDITION,148,4 - Context Towers
Douglass,DOUGLASS I,82,1 - High-rise in the park
Douglass,DOUGLASS II,582,1 - High-rise in the park
Dyckman,DYCKMAN,41,2 - Mid-rise in the park
Fort Washington Ave Rehab,FORT WASHINGTON AVENUE REHAB,309,6 - Walkups & Brownstones
Fort Washington Ave Rehab,WASHINGTON HEIGHTS REHAB (GROUPS 1&2),293,6 - Walkups & Brownstones
Fort Washington Ave Rehab,WASHINGTON HEIGHTS REHAB PHASE III (FORT WASHINGTON),523,6 - Walkups & Brownstones
Fort Washington Ave Rehab,WASHINGTON HEIGHTS REHAB PHASE IV (C),330,6 - Walkups & Brownstones
Fort Washington Ave Rehab,WASHINGTON HEIGHTS REHAB PHASE IV (D),331,6 - Walkups & Brownstones
Fulton,FULTON,136,4 - Context Towers
Gompers,45 ALLEN STREET,265,5 - Context Mid-rises
Gompers,GOMPERS,100,1 - High-rise in the park
Gompers,HERNANDEZ,184,4 - Context Towers
Gompers,LOWER EAST SIDE I INFILL,326,5 - Context Mid-rises
Gompers,MELTZER TOWER,183,1 - High-rise in the park
Gompers,SEWARD PARK EXTENSION,192,4 - Context Towers
Grant,GRANT,87,1 - High-rise in the park
Harlem River,AUDUBON,125,4 - Context Towers
Harlem River,BETHUNE GARDENS,160,1 - High-rise in the park
Harlem River,HARLEM RIVER,3,6 - Walkups & Brownstones
Harlem River,HARLEM RIVER II,147,2 - Mid-rise in the park
Harlem River,MARSHALL PLAZA,344,5 - Context Mid-rises
Harlem River,WASHINGTON HEIGHTS REHAB PHASE III (HARLEM RIVER),329,6 - Walkups & Brownstones
Isaacs,HOLMES TOWERS,159,1 - High-rise in the park
Isaacs,ISAACS,139,4 - Context Towers
Isaacs,ROBBINS PLAZA,218,4 - Context Towers
Jackie Robinson,MORRIS PARK SENIOR CITIZENS HOME,277,5 - Context Mid-rises
Jackie Robinson,"PARK AVENUE-EAST 122ND, 123RD STREETS",204,6 - Walkups & Brownstones
Jackie Robinson,ROBINSON,241,5 - Context Mid-rises
Jackie Robinson,UPACA (SITE 5),343,5 - Context Mid-rises
Jackie Robinson,UPACA (SITE 6),355,5 - Context Mid-rises
Johnson,JOHNSON,17,2 - Mid-rise in the park
King Towers,GRAMPION,281,6 - Walkups & Brownstones
King Towers,KING TOWERS,30,2 - Mid-rise in the park
La Guardia,LA GUARDIA,76,1 - High-rise in the park
La Guardia,LA GUARDIA ADDITION,152,4 - Context Towers
La Guardia,TWO BRIDGES URA (SITE 7),266,4 - Context Towers
Lehman Village,LEHMAN VILLAGE,101,1 - High-rise in the park
Lower East Side,BRACETTI PLAZA,264,6 - Walkups & Brownstones
Lower East Side,CAMPOS PLAZA II,286,4 - Context Towers
Lower East Side,FIRST HOUSES,1,6 - Walkups & Brownstones
Lower East Side,LOWER EAST SIDE II,337,6 - Walkups & Brownstones
Lower East Side,LOWER EAST SIDE REHAB (GROUP 5),292,6 - Walkups & Brownstones
Polo Grounds Towers,POLO GROUNDS TOWERS,149,1 - High-rise in the park
Rangel,RANGEL,37,2 - Mid-rise in the park
Riis,RIIS,18,2 - Mid-rise in the park
Riis,RIIS II,19,2 - Mid-rise in the park
Saint Nicholas,SAINT NICHOLAS,38,2 - Mid-rise in the park
Smith,SMITH,27,1 - High-rise in the park
Taft,131 SAINT NICHOLAS AVENUE,154,1 - High-rise in the park
Taft,TAFT,97,1 - High-rise in the park
Vladeck Combined,VLADECK,6,6 - Walkups & Brownstones
Vladeck Combined,VLADECK II,7,3 - Low-rise in the park
Wald,WALD,23,2 - Mid-rise in the park
Washington,LEXINGTON,50,2 - Mid-rise in the park
Washington,WASHINGTON,62,2 - Mid-rise in the park
Amsterdam,AMSTERDAM,22,2 - Mid-rise in the park
Amsterdam,AMSTERDAM ADDITION,187,4 - Context Towers
Amsterdam,HARBORVIEW TERRACE,262,1 - High-rise in the park
Bay View,BAY VIEW,92,2 - Mid-rise in the park
Boulevard,BELMONT-SUTTER AREA,345,6 - Walkups & Brownstones
Boulevard,BOULEVARD,46,2 - Mid-rise in the park
Bushwick,BUSHWICK,86,1 - High-rise in the park
Bushwick,HYLAN,109,1 - High-rise in the park
Castle Hill,CASTLE HILL,80,1 - High-rise in the park
Chelsea,CHELSEA,134,4 - Context Towers
Chelsea,CHELSEA ADDITION,176,5 - Context Mid-rises
Chelsea,ELLIOTT,15,4 - Context Towers
Drew Hamilton,DREW-HAMILTON,111,4 - Context Towers
Drew Hamilton,PUBLIC SCHOOL 139 (CONVERSION),340,6 - Walkups & Brownstones
Frederick Samuel Apartments,SAMUEL (CITY),377,6 - Walkups & Brownstones
Linden,LINDEN,95,2 - Mid-rise in the park
Manhattanville,MANHATTANVILLE,81,1 - High-rise in the park
Manhattanville,MANHATTANVILLE REHAB (GROUP 2),296,6 - Walkups & Brownstones
Manhattanville,MANHATTANVILLE REHAB (GROUP 3),297,6 - Walkups & Brownstones
Marble Hill,MARBLE HILL,49,1 - High-rise in the park
Marlboro,MARLBORO,83,1 - High-rise in the park
Rutgers,RUTGERS,99,1 - High-rise in the park
Saint Mary's Park,MOORE,129,1 - High-rise in the park
Saint Mary's Park,SAINT MARY'S PARK,93,1 - High-rise in the park
Stapleton,STAPLETON,114,2 - Mid-rise in the park
Straus,344 EAST 28TH STREET,185,1 - High-rise in the park
Straus,STRAUS,153,4 - Context Towers
Taylor St - Wythe Ave,TAYLOR STREET-WYTHE AVENUE,234,5 - Context Mid-rises
Wise Towers,DE HOSTOS APARTMENTS,155,4 - Context Towers
Wise Towers,REHAB PROGRAM (WISE REHAB),517,6 - Walkups & Brownstones
Wise Towers,THOMAS APARTMENTS,268,5 - Context Mid-rises
Wise Towers,WISE TOWERS,127,4 - Context Towers
Wise Towers,WSUR (BROWNSTONES),178,6 - Walkups & Brownstones
Wise Towers,WSUR (SITE A) 120 WEST 94TH STREET,151,2 - Mid-rise in the park
Wise Towers,WSUR (SITE B) 74 WEST 92ND STREET,173,4 - Context Towers
Wise Towers,WSUR (SITE C) 589 AMSTERDAM AVENUE,174,4 - Context Towers
Brownsville,BROWNSVILLE,16,3 - Low-rise in the park
East River,EAST RIVER,9,2 - Mid-rise in the park
Howard,HOWARD,72,2 - Mid-rise in the park
Jefferson,335 EAST 111TH STREET,203,6 - Walkups & Brownstones
Jefferson,CORSI HOUSES,199,4 - Context Towers
Jefferson,JEFFERSON,64,2 - Mid-rise in the park
Langston Hughes Apts,HUGHES APARTMENTS,168,1 - High-rise in the park
Lincoln,LINCOLN,20,2 - Mid-rise in the park
Melrose,EAST 152ND STREET-COURTLANDT AVENUE,237,5 - Context Mid-rises
Melrose,MELROSE,28,2 - Mid-rise in the park
Mill Brook,MILL BROOK,84,1 - High-rise in the park
Mill Brook,MILL BROOK EXTENSION,132,4 - Context Towers
Mitchel,MITCHEL,145,1 - High-rise in the park
Mott Haven,MOTT HAVEN,121,1 - High-rise in the park
Patterson,PATTERSON,24,2 - Mid-rise in the park
Seth Low Houses,GLENMORE PLAZA,171,1 - High-rise in the park
Seth Low Houses,LOW HOUSES,169,1 - High-rise in the park
Tilden,TILDEN,96,1 - High-rise in the park
Unity Plaza,FIORENTINO PLAZA,207,6 - Walkups & Brownstones
Unity Plaza,LONG ISLAND BAPTIST HOUSES,276,6 - Walkups & Brownstones
Unity Plaza,"UNITY PLAZA (SITES 17,24,25A)",240,6 - Walkups & Brownstones
Unity Plaza,UNITY PLAZA (SITES 4-27),261,6 - Walkups & Brownstones
Van Dyke I,VAN DYKE I,61,2 - Mid-rise in the park
Wagner,WAGNER,74,1 - High-rise in the park
Wilson,METRO NORTH PLAZA,181,5 - Context Mid-rises
Wilson,WHITE,124,4 - Context Towers
Wilson,WILSON,112,1 - High-rise in the park
Woodson,VAN DYKE II,146,2 - Mid-rise in the park
Woodson,WOODSON,182,1 - High-rise in the park
Building Management Associates (BX 1),BRYANT AVENUE-EAST 174TH STREET,235,6 - Walkups & Brownstones
Building Management Associates (BX 1),EAST 165TH STREET-BRYANT AVENUE,304,6 - Walkups & Brownstones
Building Management Associates (BX 1),EAST 173RD STREET-VYSE AVENUE,338,6 - Walkups & Brownstones
Building Management Associates (BX 1),HOE AVENUE-EAST 173RD STREET,215,6 - Walkups & Brownstones
Building Management Associates (BX 1),HUNTS POINT AVENUE REHAB,367,6 - Walkups & Brownstones
Building Management Associates (BX 1),LONGFELLOW AVENUE REHAB,362,6 - Walkups & Brownstones
Building Management Associates (BX 1),WEST FARMS ROAD REHAB,360,6 - Walkups & Brownstones
Building Management Associates (BX 1),WEST FARMS SQUARE CONVENTIONAL,526,6 - Walkups & Brownstones
Kraus Management (BX 3),HARRISON AVENUE REHAB (GROUP A),347,6 - Walkups & Brownstones
Kraus Management (BX 3),HARRISON AVENUE REHAB (GROUP B),547,6 - Walkups & Brownstones
Kraus Management (BX 3),UNIVERSITY AVENUE REHAB,341,6 - Walkups & Brownstones
Kraus Management (MB 1),154 WEST 84TH STREET,359,6 - Walkups & Brownstones
Kraus Management (MB 1),LOWER EAST SIDE III,364,6 - Walkups & Brownstones
Kraus Management (MB 1),REHAB PROGRAM (DOUGLASS REHABS),515,6 - Walkups & Brownstones
Kraus Management (MB 1),REHAB PROGRAM (TAFT REHABS),516,6 - Walkups & Brownstones
Kraus Management (MB 1),SAMUEL (MHOP) I,389,NA
Kraus Management (MB 1),SAMUEL (MHOP) II,398,NA
Kraus Management (MB 1),SAMUEL (MHOP) III,399,NA
Kraus Management (MB 1),STANTON STREET,559,6 - Walkups & Brownstones
Astoria,ASTORIA,26,3 - Low-rise in the park
Baisley Park,BAISLEY PARK,91,2 - Mid-rise in the park
Baisley Park,CONLON LIHFE TOWER,232,2 - Mid-rise in the park
Baisley Park,FHA REPOSSESSED HOUSES (GROUP I),209,NA
Baisley Park,FHA REPOSSESSED HOUSES (GROUP II),212,NA
Baisley Park,FHA REPOSSESSED HOUSES (GROUP III),213,NA
Baisley Park,FHA REPOSSESSED HOUSES (GROUP IV),226,NA
Baisley Park,FHA REPOSSESSED HOUSES (GROUP IX),283,NA
Baisley Park,FHA REPOSSESSED HOUSES (GROUP V),260,NA
Baisley Park,FHA REPOSSESSED HOUSES (GROUP VI),273,NA
Baisley Park,FHA REPOSSESSED HOUSES (GROUP VII),274,NA
Baisley Park,FHA REPOSSESSED HOUSES (GROUP VIII),275,NA
Baisley Park,FHA REPOSSESSED HOUSES (GROUP X),284,NA
Baisley Park,INTERNATIONAL TOWER,316,5 - Context Mid-rises
Baisley Park,SHELTON HOUSE,279,5 - Context Mid-rises
Beach 41st Street,BEACH 41ST STREET-BEACH CHANNEL DRIVE,165,2 - Mid-rise in the park
Beach 41st Street,OCEAN BAY APARTMENTS (OCEANSIDE),51,3 - Low-rise in the park
Berry,BERRY,52,3 - Low-rise in the park
Hammel,CARLETON MANOR,164,2 - Mid-rise in the park
Hammel,HAMMEL,75,3 - Low-rise in the park
Latimer Gardens,BLAND,54,2 - Mid-rise in the park
Latimer Gardens,LATIMER GARDENS,186,2 - Mid-rise in the park
Latimer Gardens,LEAVITT STREET-34TH AVENUE,201,6 - Walkups & Brownstones
Latimer Gardens,REHAB PROGRAM (COLLEGE POINT),143,6 - Walkups & Brownstones
Mariner's Harbor,MARINER'S HARBOR,77,3 - Low-rise in the park
Pomonok,POMONOK,53,2 - Mid-rise in the park
Queensbridge North,QUEENSBRIDGE NORTH,505,3 - Low-rise in the park
Queensbridge South,QUEENSBRIDGE SOUTH,5,3 - Low-rise in the park
Ravenswood,RAVENSWOOD,48,3 - Low-rise in the park
Redfern,REDFERN,55,3 - Low-rise in the park
Richmond Terrace,CASSIDY-LAFAYETTE,206,6 - Walkups & Brownstones
Richmond Terrace,RICHMOND TERRACE,117,2 - Mid-rise in the park
South Beach,NEW LANE AREA,314,5 - Context Mid-rises
South Beach,SOUTH BEACH,35,3 - Low-rise in the park
South Jamaica,SOUTH JAMAICA I,8,3 - Low-rise in the park
South Jamaica,SOUTH JAMAICA II,66,3 - Low-rise in the park
Todt Hill,TODT HILL,42,3 - Low-rise in the park
West Brighton,WEST BRIGHTON I,116,2 - Mid-rise in the park
West Brighton,WEST BRIGHTON II,175,6 - Walkups & Brownstones
Woodside,WOODSIDE,33,3 - Low-rise in the park