unique_values,counts
COMPACTOROOOCOMPACTOR,3386
RATSEXTERMINATION,2729
ROACHESEXTERMINATION,1394
STOPPAGEDRAINS,1146
MICEEXTERMINATION,910
NEEDSPAINTINGPAINT,815
RAMNOTMOVINGCOMPACTOR,494
NEEDSCLEANINGCOMPACTOR,478
NOISYCOMPACTOR,417
RAMLIMITSWITCHOOOCOMPACTOR,406
BULKCONTAINEROVRFLWEXTERIORCOMPACTOR,400
MACHOILLEAKCOMPACTOR,395
RAMNOTPUSHINGCOMPACTOR,336
LOCKOOODOORPUBLICSPACE,327
EXTCOMPACTOROOOEXTERIORCOMPACTOR,326
NEEDSPAINTINGWALLS,318
COMPACTORLEAKINGCOMPACTOR,297
NOPOWERCOMPACTOR,292
PIPENEEDSREPAIRPIPES,269
NOAUTOCOMPACTOR,258
HOSEOILLEAKCOMPACTOR,233
LIGHTOOOLIGHT,227
DOORDMLDOORPUBLICSPACE,222
DRSAFTEYSWITCHOOOCOMPACTOR,198
PHOTOCELLOOOCOMPACTOR,190
HOSEOILLEAKEXTERIORCOMPACTOR,190
FULLBAGSWITCHOOOCOMPACTOR,182
DRAINDMLDRAINS,174
NEEDSPAINTINGPIPES,162
FLIESEXTERMINATION,155
RAMSLOWCOMPACTOR,151
PEELINGPAINT,147
BROKENKEYDOORPUBLICSPACE,142
FOLLOWUPCOMPACTOR,134
CYLINDERCHANGEDOORPUBLICSPACE,132
DOORKNOBHANDLEDMLDOORPUBLICSPACE,125
EMRGSTOPSWITCHOOOCOMPACTOR,125
SPALLINGCRACKSBRICKWORK,119
CYLINDERDMDOORPUBLICSPACE,115
NEEDSPAINTINGFLOOR,109
PIPESLEAKPIPES,108
FOLLOWUPEXTERIORCOMPACTOR,103
RATSFOLLOWUPEXTERMINATION,93
WATERBUGSEXTERMINATION,93
CONCRETEFLRDAMAGEDFLOOR,92
CINDERBLOCKSDMLWALLS,84
COMPACTORLEAKINGEXTERIORCOMPACTOR,83
BRICKSDMLWALLS,81
MACHOILLEAKEXTERIORCOMPACTOR,78
CHUTECUTOFFGATEOOOCOMPACTOR,77
DRAINCOVERDMLDRAINS,75
NOPOWERELECTRICITY,74
FLOODINGDRAINS,72
INSECTSEXTERMINATION,70
NEEDSDEODERANTCOMPACTOR,69
WALLDAMAGEDWALLS,69
DOORBUCKDLDOORPUBLICSPACE,64
RAMNOTPUSHINGEXTERIORCOMPACTOR,62
RAMNOTMOVINGEXTERIORCOMPACTOR,62
NEEDSPAINTINGCOMPACTOR,61
CHUTECUTOFFGATESTUCKCOMPACTOR,57
BALLASTOOOLIGHT,56
ROACHES-FOLLOWUPEXTERMINATION,55
EXPOSEDWIRESELECTRICITY,53
LIGHTFIXTUREDMLLIGHT,51
DOORSWEEPDMLDOORPUBLICSPACE,49
NOPOWEREXTERIORCOMPACTOR,45
FANOUTOFORDEREXHAUSTFAN,45
FITTINGOILLEAKCOMPACTOR,44
NOTCLOSESTICKSDOORPUBLICSPACE,44
FIRECOMPACTOR,43
FITTINGOILLEAKEXTERIORCOMPACTOR,43
RAMDAMAGEDEXTERIORCOMPACTOR,42
LOADERBUCKETNOTMOVINGEXTERIORCOMPACTOR,41
NEEDSINSTALLSIGNAGE,38
DOORNOTSECUREDEXTERIORCOMPACTOR,37
CONSTANTLEAKINGLEAKFROMABOVE,36
CEILINGDAMAGEDCEILING,35
NEEDSDOORDOORPUBLICSPACE,34
CONTAINERFRONTROLLEREXTERIORCOMPACTOR,33
LOCKDMLDOORDIAMONDPLATED,33
STOPPAGERAMP,31
LOCKOOODOORROLLDOWN,30
DOORDMLDOORDIAMONDPLATED,30
RETWALLDMLEXTERIORCOMPACTOR,30
PIPESNOTPAINTEDTOCODEFIRESPRINKLERS,29
LIGHTDIMLIGHT,28
NEEDSPAINTINGFIRESPRINKLERS,27
NEEDSPAINTINGDOORPUBLICSPACE,27
SHELVESDMLSHELVES,26
FLOORCOVERINGDMFLOOR,26
DOORCLOSERDMLDOORPUBLICSPACE,25
LATCHOOODOORPUBLICSPACE,25
COMPACTORCHUTECOMPACTOR,24
PAINTAFTERREPAIRPAINT,24
NEEDSOILCHANGECOMPACTOR,24
BUILDWALLWALLS,24
DRAINPIPEDMLDRAINS,24
NEEDSPAINTINGCEILING,23
PARTIALPOWERELECTRICITY,22
KEYSWITCHOOOEXTERIORCOMPACTOR,22
CIRCBREAKOOOELECTRICITY,22
HOPPERDOORDMLHOPPER,21
CITYWIDELOCKDOORPUBLICSPACE,21
DEODORSYSOOOCOMPACTOR,21
RAMSLOWEXTERIORCOMPACTOR,21
FLEASEXTERMINATION,20
CONCRETEEXPOSEDREBARWALLS,20
CEILINGFIXTUREDMLLIGHT,20
OUTLETCOVERDMELECTRICALOUTLET,20
DOORHINGESDMLOOODOORPUBLICSPACE,19
ELECBOXDMLELECTRICITY,19
UNSECUREDEQUIPMENT,19
NEEDSPAINTINGEXTERIORCOMPACTOR,19
NOAUTOEXTERIORCOMPACTOR,18
SWITCHCOVERDMLELECTRICALSWITCH,17
NEEDSPAINTINGMILDEWCONDITION,17
SWITCHOOOELECTRICALSWITCH,17
SAFETYDEVICESOOOEXTERIORCOMPACTOR,16
PUMPOOOPUMP,16
NEEDSCLEANINGDEBRISSPILL,16
NOTSELFCLOSINGDOORPUBLICSPACE,16
CONSTANTDRIPPINGLEAKFROMABOVE,15
MICE-FOLLOWUPEXTERMINATION,15
OUTLETOOOELECTRICALOUTLET,15
BULBDMLLIGHT,15
LOCKDMDOORROLLDOWN,14
MILDEWMILDEWCONDITION,14
DOORDMLDOORROLLDOWN,13
SWITCHDMLELECTRICALSWITCH,13
GFIOOOELECTRICALOUTLET,12
FLOODINGLEAKFROMABOVE,12
ELECBOXDRDMLELECTRICITY,12
ELECBOXKNOCKDMLELECTRICITY,12
NEEDCABINETCABINETS,12
DAMAGEDHEADFIRESPRINKLERS,12
CABINETDMLCABINETS,12
SWITCHOOOLIGHT,11
LEAKINGFIRESPRINKLERS,11
NEEDSCLEANINGWALLS,11
HOPPERJAMHOPPER,11
NEEDSPLASTERINGWALLS,11
NOTSELFLATCHINGDOORPUBLICSPACE,11
FIRESYSACTIVATEDCOMPACTOR,11
CARTDMLEQUIPCART,10
EXPOSEDWIRESELECTRICALOUTLET,10
DOOROFFHINGESDOORPUBLICSPACE,10
STRIKEPLATEDMLDOORPUBLICSPACE,10
OUTLETDMELECTRICALOUTLET,10
LIGHTCOVERDMLLIGHT,10
NEEDSSWITCHELECTRICALSWITCH,10
ANTSEXTERMINATION,10
HOPPERHANDLEDMLHOPPER,9
OSYVALVEDMLFIRESPRINKLERS,9
GLASSBROKENWINDOWGLASS,9
FUSEMOOOELECTRICITY,9
FAUCETDLOOOSINK,9
FANDMLEXHAUSTFAN,9
SPRINKLERALARMREPAIRFIRESPRINKLERS,9
CIRCBREAKDMLELECTRICITY,8
NOISYEXTERIORCOMPACTOR,8
RAMPCRACKEDRAMP,8
NOWATERWATER,8
PHASDRAINDRAINS,8
CRCTBRKINNERPANELCOVERDMELECTRICITY,8
GARBAGEDEBRISSPILL,8
RDRLOCKOOOEXTERIORCOMPACTOR,8
ELECBOXDRLOCKDMLELECTRICITY,8
PHASELECTELECTRICITY,8
HARDTOOPENDOORROLLDOWN,8
JUNCBOXDMLELECTRICITY,7
JUNCBOXKNOCKDMLELECTRICITY,7
SHARPEDGESDOORPUBLICSPACE,7
NOPOWERELECTRICALOUTLET,7
FLOORTILESDMLFLOOR,7
STOPPAGESINK,7
CLOSETSHELFDMLCLOSET,7
NEEDSCLEANINGMILDEWCONDITION,7
NEEDSREPLACEEXHAUSTFAN,6
LIGHTSOOOEXTERIORCOMPACTOR,6
NEEDSCLEANINGEXTERIORCOMPACTOR,6
DOORSADDLEDMLDOORPUBLICSPACE,6
NEEDSINSTALLEXHAUSTFAN,6
VALVEDMLORNEEDACCESSFIRESPRINKLERS,6
NEEDSINSULATIONPIPES,6
DEBRISDEBRISSPILL,6
FAUCETRUNNINGSINK,6
WATER BUGS-FOLLOWUPEXTERMINATION,6
DRYWALLDMLWALLS,6
DIRTYORBROWNWATERWATER,6
FOLLOWUPDOORPUBLICSPACE,5
FOLLOWUPBRICKWORK,5
LIGHTFLICKERINGLIGHT,5
PHASDOORDOORPUBLICSPACE,5
EXCESSIVEMOISTUREEXCESSIVEMOISTURE,5
CEILINGLEAKFROMABOVECEILING,5
CONCRETECEILINGSPALLINGCEILING,5
EXPOSEDWIRESELECTRICALSWITCH,5
CONCRETEEXPOSEDREBARFLOOR,5
EMRGSTOPSWITCHOOOEXTERIORCOMPACTOR,5
NEEDSCEMENTPATCHINGFLOOR,5
NEEDSCLEANINGFLOOR,5
NOTCLOSESTICKSCLOSET,5
NEEDSPAINTINGSTANDPIPE,5
FOLLOWUPPIPES,5
LOWPRESSUREWATER,5
FLEAS-FOLLOWUPEXTERMINATION,5
PHASSWITCHELECTRICALSWITCH,5
EXPOSEDWIRESEXTERIORCOMPACTOR,5
NEEDSPLASTERINGCEILING,5
BEDBUGSEXTERMINATION,4
FIRSTAIDDMFIRSTAIDKIT,4
WATERPENETRATIONLEAKFROMABOVE,4
FOLLOWUPDRAINS,4
NEEDSPLASTERINGPAINT,4
FULLLIGHTOOOEXTERIORCOMPACTOR,4
AINSPTAGEXPIREDFIREEXTINGUISHER,4
CONCRETEEXPOSEDREBARCEILING,4
PHASOUTLETELECTRICALOUTLET,4
PHASAIRQUALITYAIRQUALITY,4
CONRETEDLMFACADE,4
RDRRATCHETBINDEROOOEXTERIORCOMPACTOR,4
FAUCETDRIPPINGSINK,4
NEEDSOUTLETELECTRICALOUTLET,4
LOADERBUCKETCYLLEAKEXTERIORCOMPACTOR,4
NEEDSASBESTOSTESTINGPIPES,4
RDRSAFTEYCHAINEXTERIORCOMPACTOR,4
SWITCHCOVERDMOOOLIGHT,4
NEEDSREMOVALCABINETS,4
NEEDSBULBLIGHT,4
RACOONSEXTERMINATION,3
NEEDSINSTALLDOORDIAMONDPLATED,3
LOCKERDMLLOCKER,3
NOISYMOTOR,3
IMPROPERLYLOCKEDWINDOWDECORATIVEGATES,3
SECURITYGATESDMLSECURITYGATES,3
FAUCETHANDLEDMLSINK,3
WATERSHUTOFFVALVEDMLSINK,3
LIGHTSDMLEXTERIORCOMPACTOR,3
PHASHAZARDSHAZARDS,3
NEEDKEYDOORPUBLICSPACE,3
NEEDSINSTALLSCAFFOLD,3
LIGHTOOOLIGHTEMERGENCY,3
INSULATIONDMLPIPEINSULATION,3
SIGNSDMLEXTERIORCOMPACTOR,3
FOLLOWUPHOPPER,3
SPILLDEBRISSPILL,3
LEADBENDLEAKINGLEAKFROMABOVE,3
HANDRAILDMLRAMP,3
SHEETROCKDMLWALLS,3
MOTOROOOMOTOR,3
FOLLOWUPLIGHT,3
PHASEMERGEXITEMERGEXIT,3
GUARDPLATEDMDOORPUBLICSPACE,3
PHASWALLWALLS,3
BULKCONTAINERDIRTYEXTERIORCOMPACTOR,2
NORMCLEANUPREGULATEDWASTE,2
RUBBERFLOORINGDMLFLOOR,2
PAINTEDHEADSFIRESPRINKLERS,2
SILLCOCKLEAKINGSILLCOCK,2
DEBRISRAMP,2
DAMAGEDCRACKEDFACADE,2
HANDLEKNOBDMSINK,2
CHAINLOCKDMLSTANDPIPE,2
ELECTRICALSPARKSELECTRICITY,2
FIXTURESPARKINGLIGHT,2
SLIPPERYWETDEBRISSPILL,2
ARMATUREDMLDOORPUBLICSPACE,2
NEEDSCLEANINGEXHAUSTFAN,2
NOTSELFLATCHHOPPER,2
CLOSETFRAMEDMLCLOSET,2
RAILINGDMLRAILINGS,2
NEEDSACOUTLETELECTRICALOUTLET,2
WALLLEAKWALLS,2
NEEDSCLEANINGCEILING,2
FOLLOWUPELECTRICITY,2
GRAFFITIEXTERIORCOMPACTOR,2
EXPOSEDWIRESPUMP,2
SHEETROCKDMLCEILING,2
NEEDSREMOVALPUMP,2
OILCHANGEEXTERIORCOMPACTOR,2
FOLLOWUPPAINT,2
FIRESPRINKLERTESTINGFIRESPRINKLERS,2
WESTNILEEXTERMINATION,2
SINKDMLSINK,2
DIFFUSERDMLIGHT,2
WALLBREAKREQUIREDWALLS,2
NEEDEXITSIGNEXITSIGN,2
PHASCEILINGCEILING,2
HOPPERPANDMLHOPPER,2
SIGNDMLSIGNAGE,2
DOMECOVERDMLDRAINS,2
NOHOTWATERWATER,2
CAPDMLSTANDPIPE,2
CONDUITDMLELECTRICITY,2
RWCOPSTONEDMLEXTERIORCOMPACTOR,2
INSUFFICENTCLEARANCEDOORPUBLICSPACE,2
CRCTBRKDOORDMELECTRICITY,2
TILESDMLWALLS,2
LOCKDMLDOORINTERIOR,2
RAMPTRIPHAZRDRAMP,2
GLASSCRACKEDDOORPUBLICSPACE,2
NEEDSREMOVALREINSTALLSINK,2
DIFFUSERDMLEXTERIORCOMPACTOR,2
SILLCOCKDMLSILLCOCK,2
CERAMICTILESDMLFLOOR,1
NEEDSINSTALLDISPLAYCASE,1
FOLLOWUPFLOOR,1
WOODSUBFLOORINGDLFLOOR,1
SCAFFOLDDMLSCAFFOLD,1
NEEDSCEMENTPATCHINGSECURITYGATES,1
EMRGCLEANUPREGULATEDWASTE,1
PHASDEBRISSPILLDEBRISSPILL,1
FOLLOWUPFIRESUPPRESSIONSYSTEM,1
FOLLOWUPPUMP,1
GLASSCRACKEDCONDENSATEWINDOWGLASS,1
PGTILESDMLWALLS,1
FOLLOWUPWATER,1
FIXTUREDMLLIGHTEMERGENCY,1
SLIDERREPLACECLOSET,1
NOTENOUGHHEATHEAT,1
LADDERDMLEQUIPMENT,1
NEEDSCONVERSIONCLOSET,1
LOUVERSDMLEXHAUSTFAN,1
PHASEXTERMINEXTERMINATION,1
HARDTOOPENCLOSEWINDOWGLASS,1
THERMOSTATDMLEXHAUSTFAN,1
WOODFLOORINGDMLFLOOR,1
PUMPLEAKINGPUMP,1
RAGSDEBRISSPILL,1
ACCESSPANELDMLLIGHT,1
EXITSIGNDMLEXITSIGN,1
CABINETDMLSAFETYCABINET,1
PADDLEOOODOORPUBLICSPACE,1
WINDOWLINTELDMLWINDOWLINTEL,1
FOLLOWUPEXCESSIVEMOISTURE,1
NEEDSSPRAYINGPAINT,1
CONDUITDMLMOTOR,1
WATERDAMAGEWALLS,1
REFRIGOOOREFRIGERATOR,1
PANELTROUBLESIGNALSALARM,1
DOORDMLDOORINTERIOR,1
ABOVETHESINKLEAKFROMABOVE,1
SPILLFLOOR,1
PHASLIGHTINGLIGHT,1
PHASWATERWATER,1
PHASTRASHBCTRASHBULKCOMPOUND,1
VALVECHAINLOCKOPENSTANDPIPE,1
NEEDSREBUILDPUMP,1
WELLGRATINGDMLWINDOWWELL,1
IONIZEROOOEXTERIORCOMPACTOR,1
PHASCABINETCABINETS,1
NEEDSBULBEXITSIGN,1
EXTGMISSINGFIREEXTINGUISHER,1
NEEDSPAINTINGRAMP,1
ANTS-FOLLOWUPEXTERMINATION,1
NEEDSCABINETSAFETYCABINET,1
STANDPIPELEAKINGSTANDPIPE,1
GRATINGDMLTRASHBULKCOMPOUND,1
MISSINGHEADFIRESPRINKLERS,1
EXPOSEDWIRESLIGHT,1
NEEDSREMOVALLOCKER,1
PHASGFIELECTRICALOUTLET,1
414REGSMISROOMSIGNS,1
RUSTEDDOORPUBLICSPACE,1
FOLLOWUPSINK,1
NEEDSBULLETINBOARDBULLETINBOARDS,1
FLOODINGRAMP,1
CONDUITDMLLIGHT,1
PUMPSWITCHOOOPUMP,1
WINDOWSILLDMLWINDOWSILL,1
NEEDSREMOVALSIGNAGE,1
PHASFIRESPRINKFIRESPRINKLERS,1
NEEDSCLEANINGROOMSIGNS,1
FLASHINGDMLROOFTOP,1
SPOUTDMLSINK,1
BULLETINBOARDDMLBULLETINBOARDS,1
CLOSETOFFHINGESCLOSET,1
VALVEDMLORNEEDACCESSSTANDPIPE,1
FOLLOWUPELECTRICALOUTLET,1
SUNKENTRASHBULKCOMPOUND,1
PHASSMOKEDTCRSMOKEDETECTOR,1
GLASSMISSINGDOORPUBLICSPACE,1
